{"cameraMode":{"drawMode":0,"name":"Shaded","section":"Shading Mode"},"sceneLighting":true,"audioPlay":false,"sceneViewState":{"m_AlwaysRefresh":false,"showFog":true,"showSkybox":true,"showFlares":true,"showImageEffects":true,"showParticleSystems":true,"showVisualEffectGraphs":true,"m_FxEnabled":true},"in2DMode":false,"pivot":{"x":3.747600555419922,"y":10.258316040039063,"z":9.899398803710938},"rotation":{"x":0.1172151044011116,"y":0.0822630524635315,"z":-0.009747526608407498,"w":0.9896212816238403},"size":26.123844146728517,"orthographic":true}